MinnyMinny,WWW,10627,29118
헬렌 Helen,TOP,10630,28577
나쵸_NaCho,BDA,10631,28094
Savanah 😼,BDA,10631,27669
타룬_Tarun,BDA,10631,27446
Yamato,WWW,10627,26979
Ung 🌈철웅,TOP,10630,26956
BTS,BDA,10631,26919
____ SIMBÃ🦁,WWW,10626,26506
짬뽕취향🧪,BDA,10631,26288
Lie,TOP,10630,25373
맛돼지_Pig,BDA,10632,25349
Danh,VNT,10622,23782
Bao,BDA,10632,23598
테슬라,TOP,10630,23506
나눔 Nanoom,TOP,10629,23333
H,TOP,10630,22356
몽🐾,TOP,10630,22149
부밋_Boomit,BDA,10631,22114
루아리 Luari,TOP,10629,22111
Lão Đại,VNT,10622,22103
Julie,TOP,10630,21988
Khi Mập 🐒,WWW,10626,21781
• Namii,TOP,10630,21768
LBT,VNT,10621,21666
MaryMÒMéo,WWW,10626,21597
Rocky,TOP,10630,21390
Jennie 🔥,WWW,10626,21344
Evil Son,WWW,10627,21321
DORAYME,WWW,10627,21206
이압_Yah,BDA,10631,21206
👼_MaWang,BDA,10631,21183
RJ slime 🔥,BDA,10632,21183
TTA KIWI,VNT,10622,21114
Jayce,TOP,10629,20930
Vũ84,WWW,10627,20631
구름 cloud,TOP,10629,20629
Ssun,TOP,10629,20424
찌아랍,TOP,10629,20341
23 👆,TOP,10630,19977
붕붕_BoOng,BDA,10632,19630
💫Ares💨,TOP,10629,19593
Voi,VNT,10621,19527
청월_Blue,BDA,10632,19480
더억 Duck 🐦,TOP,10629,19275
VôMinh,TOP,10630,19251
Lêu Lêu 🐧,WWW,10627,19251
Pork Belly,WWW,10627,19182
TM,VNT,10621,18929
만취🍻털보,TOP,10630,18845
Miu🎀,WWW,10626,18763
짱하 고해뜰날,TOP,10629,18242
Ốc leo cây,VNT,10622,18078
짬뽕취향_움돈,BDA,10631,17993
Angie💜,TOP,10630,17940
MAS,VNT,10622,17664
Lory,WWW,10626,17587
브로콜리_Kolli,BDA,10631,17478
shank one,TOP,10630,17319
V,WWW,10626,17191
Thuận,VNT,10621,17181
트이,BDA,10632,17070
무쌍,TOP,10630,17043
😇MeoMeo😇,TOP,10629,16951
Sg•ToKuDa,TOP,10629,16867
크크큭_kkkk,BDA,10632,16763
khéo bánh,WWW,10627,16698
👀Ver Cận,WWW,10626,16560
SAIMING🌿,WWW,10626,16408
Hot dog,TOP,10630,16295
💜かすみ💜🍓,WWW,10626,16215
Oakzapata,TOP,10630,15732
阿弦,WWW,10626,15690
드래곤,TOP,10629,15628
믹스 Mix,TOP,10629,15594
Peekaboo,TOP,10629,15272
Gaoo,VNT,10622,15145
Regista,TOP,10629,15141
Ruan Kimi,TOP,10630,15111
chacha,TOP,10629,15101
RyanNguyen,WWW,10627,15060
Mr Simple,VNT,10622,15019
• Saint •,WWW,10626,14866
Danielferr,BDA,10631,14554
Cám,VNT,10621,14538
Hà Kute👯,WWW,10626,14383
KSHunter,TOP,10630,14304
Yuihin,TOP,10630,14244
겨울 Winter,TOP,10629,14237
브란테,TOP,10630,14221
망나니 mang,TOP,10629,14145
SHABUZAC,BDA,10632,14127
AnhTuấn,WWW,10627,13800
CáoKhờKhạo,WWW,10626,13761
Spirit,WWW,10626,13696
阿貓,WWW,10626,13627
타샤_Tasha,BDA,10632,13538
이로도리,BDA,10631,13523
Tiếp bước,WWW,10626,13485
👥mute🔇,WWW,10627,13348
⬜️Rụt Rè,TOP,10630,13131
로나_Lona,BDA,10632,13098
JzTeppiz,WWW,10627,13070
처리,TOP,10630,12958
The Light,VNT,10622,12841
MH,WWW,10627,12747
Black,TOP,10629,12696
Ninh An,WWW,10626,12682
스펀지밥,BDA,10631,12642
윤윤 YY,TOP,10629,12590
사이다,TOP,10630,12466
Lọ thánh,VNT,10621,12448
Lãnh Chúa_p6P,VNT,10622,12426
Maybach,WWW,10627,12416
Bluebeard,VNT,10622,12363
럭비마왕,BDA,10632,12311
Sotu,TOP,10629,12265
Beequeen👑,WWW,10627,12177
Bì Bầu Bí,WWW,10626,12157
Táo Đỏ,VNT,10622,12143
何必問,WWW,10626,12102
비연,TOP,10629,12092
Kiều Nhi 🎀,VNT,10621,12040
Jollibee 🦄,WWW,10626,12029
Tôm xù 🍤,WWW,10627,11934
Mây,WWW,10626,11930
Heo mọi,WWW,10627,11723
希希,WWW,10627,11649
ĐặcKhu 73,VNT,10622,11406
💜CHIIP💜,VNT,10622,11385
BinzKa,WWW,10626,11316
🌸MiuMiu🌸,BDA,10632,11287
3 Bích ♠️,WWW,10626,11040
EBI,WWW,10627,11034
IT ⋆Aʚe⋆KA,WWW,10626,10970
•메리 Lành,TOP,10630,10963
라이사냥,BDA,10631,10897
Sóc,VNT,10621,10833
Butter Bun,TOP,10630,10796
독거남,BDA,10632,10786
딸기주스_berry,BDA,10632,10775
Tomato🫐,WWW,10626,10753
Goddess M,VNT,10621,10626
선결,BDA,10632,10465
Halo,VNT,10621,10419
Tùng Chíp,VNT,10622,10212
Bạch Lang,VNT,10622,10175
playl3oy9x,VNT,10622,10143
PDH888,WWW,10627,10143
송송다,TOP,10629,10143
천년호수,BDA,10631,10105
Kutsuru,WWW,10626,10005
Hì Twinkle,VNT,10622,9936
두아름,TOP,10629,9922
오리탕후루,BDA,10632,9900
YANG,TOP,10630,9829
마음의검,BDA,10631,9729
Saigon,BDA,10631,9660
Bigas,BDA,10632,9591
유월,BDA,10631,9487
Thiên Vũ,VNT,10621,9484
✨Mashi🧜‍♀️,TOP,10629,9442
Bé XuânMai,WWW,10627,9315
BoB 🎈,TOP,10629,9315
_king_,VNT,10622,9271
도비빅_Doby,BDA,10632,9269
Tūn Cherry,WWW,10626,9215
악동_Dash,BDA,10632,9196
CôNămNè,VNT,10622,9177
앙증악마,BDA,10632,9161
데이 Day,TOP,10629,9059
TYM3R,WWW,10627,9050
Minhleeeee,VNT,10622,9022
아하🌸,TOP,10630,8887
Linh,TOP,10629,8852
FAINT,BDA,10631,8832
Emmi,WWW,10626,8795
LộcBánhMì,BDA,10631,8792
皮皮寅虎,TOP,10630,8762
Dog_Cu,BDA,10631,8755
Cá Lia Thi,VNT,10622,8753
종이,TOP,10630,8692
Format,WWW,10627,8685
Sei,VNT,10621,8594
IIIIIIrrrrrr,TOP,10629,8487
Faker,TOP,10629,8418
meiko_G,TOP,10630,8416
Gioggio99,WWW,10627,8332
Nàng Thơ🖤,VNT,10621,8268
어이쿠 Koo,BDA,10632,8220
Hiếu💙VN,WWW,10627,8211
ヘリオスATHX,WWW,10627,8210
소금크로와상,BDA,10632,8201
BéMèo😗,VNT,10622,8139
아앤 사랑_N,BDA,10632,8092
PhởTáiGầu,VNT,10622,8073
Luna,WWW,10626,8073
Xíu xíu,VNT,10622,8073
💜Kana💜,WWW,10627,8060
Chè Đậu ĐỎ,VNT,10622,8041
xekojimmy,WWW,10626,8034
Ryu,WWW,10627,8030
이티_ET,BDA,10631,8026
iissangkal,BDA,10632,8024
YaYa🌼,TOP,10629,8004
Ma Quân,VNT,10621,7866
Gerrald,BDA,10632,7859
애옹_aeong,BDA,10632,7826
minmin2020,TOP,10629,7797
Thiếu,VNT,10622,7762
Pelican,WWW,10626,7751
Ghibli,TOP,10629,7727
Chao,VNT,10621,7690
으장_ChangB,BDA,10632,7659
Ngoc2010,VNT,10621,7652
Faker,BDA,10632,7624
Thaisonmt,VNT,10621,7521
사상,TOP,10629,7452
저주,TOP,10630,7418
abao,VNT,10622,7412
Jiaz,TOP,10630,7379
🔶Logan🔶,BDA,10632,7343
Shen,WWW,10627,7314
아마투스,BDA,10631,7314
COW,VNT,10621,7314
礦泉水,WWW,10626,7245
Truzgggg,BDA,10632,7239
Lord SFTL,TOP,10629,7206
Rowdy,BDA,10631,7184
JIANG ୬ඉ,VNT,10621,7173
TRÀ🍈,WWW,10626,7156
Ant,WWW,10626,7125
Deeju,WWW,10627,7119
sinfulsuru,WWW,10626,7072
Rùa🐢,VNT,10621,7038
통신단,BDA,10632,7037
Spartano,BDA,10632,7033
Tiểu Min,WWW,10627,6995
AnhCuĐơn🖤,VNT,10622,6831
리처드,TOP,10630,6829
소,TOP,10630,6762
뿌밋_BBoomit,BDA,10632,6762
Lão Nương,VNT,10622,6693
Bò,VNT,10621,6693
Rãnh🌷Ran,TOP,10629,6693
구름에갇힌달,BDA,10631,6692
Stara,TOP,10630,6688
Thanh y,TOP,10630,6666
Lunari,TOP,10629,6622
끽끽,BDA,10631,6587
🌸나유_Nayu,BDA,10631,6555
바다,TOP,10629,6554
Sophia🌻,WWW,10627,6553
Reym,VNT,10622,6402
lord farqu,TOP,10629,6273
AK47,BDA,10632,6244
SAINT👼,BDA,10631,6244
아림승주,BDA,10632,6242
VOIDX¸MaX,WWW,10626,6209
채채채_Ch,BDA,10632,6102
Orthos,WWW,10627,6035
Lukka,TOP,10629,6031
lucete,TOP,10629,6012
Cecilia,VNT,10621,5942
Kanh,VNT,10621,5930
👀👀👀👀,TOP,10629,5898
samssong,TOP,10629,5893
306,VNT,10621,5865
Mc Donald,WWW,10626,5828
잔다_Jandark,TOP,10630,5823
TienDo,VNT,10621,5790
Macos,VNT,10621,5754
Bé Tuyên,VNT,10621,5691
Isky,WWW,10627,5690
사랑이란멜로는없어,BDA,10631,5689
Lão Tứ,VNT,10622,5670
FF🔥👊,TOP,10629,5611
1000냥,TOP,10630,5583
Dáh Cherry,WWW,10626,5522
Hino玉☆,WWW,10627,5487
Fibonacci,BDA,10632,5481
백수,TOP,10629,5382
웨일,BDA,10631,5355
Beer⬜,WWW,10626,5313
art,BDA,10632,5292
_St0rM_,VNT,10622,5173
Ho Ya🐱,TOP,10630,5100
Lão Bát,VNT,10622,5040
PUFF,BDA,10632,5037
코드네임욱,BDA,10632,5013
Idk6,VNT,10621,4968
Ly điệp,VNT,10621,4965
Giang12,BDA,10631,4962
하늘보리,BDA,10632,4903
ωιιυγ,WWW,10627,4899
파워곰탱,BDA,10631,4717
삼구오구_3959,BDA,10632,4653
Dior✨,WWW,10626,4623
Hunter,VNT,10622,4576
Ambasador,BDA,10632,4544
지로 JIRO,BDA,10631,4540
Cạp con,TOP,10629,4501
lphi🫒,WWW,10626,4345
💦Jessy💦,WWW,10627,4312
맛스타_Star,BDA,10632,4278
MIO,BDA,10631,4277
ShayolWei,VNT,10622,4242
Anh Kiet,VNT,10622,4191
Hải🌽,WWW,10626,4173
Bé Vy,VNT,10622,4119
Thạch hầu,VNT,10622,4110
🕊️Én🕊️,VNT,10621,4105
Nacy🍭🍬,VNT,10621,4103
단군릉,BDA,10631,4080
_Lev,BDA,10632,4033
Cà Rốt,VNT,10621,3864
窮到濃,WWW,10626,3859
Nem,VNT,10622,3800
Văn Minh,WWW,10627,3657
YUKI,TOP,10630,3657
Khi ăn🧅,WWW,10626,3625
G7x0w,TOP,10629,3587
Mamutto,WWW,10626,3514
kiw🥝,WWW,10626,3450
hetmegame,VNT,10621,3431
세이라 SEIRA,TOP,10629,3346
육삼이_632,BDA,10632,3303
KINGKID,VNT,10622,3300
Kcat💜,WWW,10627,3272
Ngân Ngân,VNT,10621,3035
D€v D€vin€,BDA,10632,2637
Samgoo3959,BDA,10632,2572
Phạm Kha,VNT,10622,2551
metienmệt1,VNT,10622,2520
추브으리_choov,BDA,10632,2412
metienmêtr,VNT,10621,2400
Tiger♡,BDA,10632,2285
Hạo🫐,WWW,10626,2070
peach hip,BDA,10631,1820
at💋,VNT,10621,1722
☃️⬜️☃️⬜️☃️⬜️,VNT,10621,1535
도베르만_Doby,BDA,10632,1449
HỒ JangHỒ🌤,VNT,10621,1035
Khẩy Tym,VNT,10622,1034
IxSky,WWW,10626,840
Lâm Lee,VNT,10622,750
RAGNAROK,BDA,10631,424
alibaba,VNT,10621,414
POWER,TOP,10630,345
DarkShadow,VNT,10622,345
Avocado🥑,WWW,10626,345
하하하,BDA,10631,344
BUN,VNT,10622,327
Silver🐾🐾,TOP,10629,196
