MinnyMinny,WWW,10627,20595637
Pelican,WWW,10626,19055505
씨아럽,TOP,10629,18645994
몽🐾,TOP,10630,18287905
루아리 Luari,TOP,10629,18045275
Beequeen 👑,WWW,10627,17509422
Lie,TOP,10630,16983618
Angie 💜,TOP,10630,16980824
믹스 Mix,TOP,10629,16917489
JV,WWW,10626,16787633
Jennie 🔥,WWW,10626,16434085
헬렌 Helen,TOP,10630,16278520
__SIMBÃ 🦁,WWW,10626,15859291
YaYa 🌼,TOP,10629,15846487
Rocky,TOP,10630,15703495
만취 🍺털보,TOP,10630,15603157
Jollibee 🦄,WWW,10626,15392727
나까무라,TOP,10629,15305291
사이다,TOP,10630,15158736
드래곤,TOP,10629,15100627
DORAYME,WWW,10627,15062990
Yamato,WWW,10627,14978197
Julie,TOP,10630,14704324
◕‿◕Ver Cân,WWW,10626,14347202
何必問,WWW,10626,14234264
Stara,TOP,10630,14159333
무쌍,TOP,10630,14118742
Lory,WWW,10626,14118275
llllrrrrr,TOP,10629,14016473
Ssun,TOP,10629,13752301
Miu 🎀,WWW,10626,13699322
나눔 Nanoom,TOP,10629,13582472
阿茲,WWW,10626,13327604
Thanh y,TOP,10630,13087385
겨울 Winter,TOP,10629,12741560
sky,WWW,10627,12724710
Tùn Cherry,WWW,10626,12692192
CáoKhờKhạo,WWW,10626,12371148
Faker,TOP,10629,12248187
Ung🌈철웅,TOP,10630,12243330
H,TOP,10630,12155145
백수,TOP,10629,12113546
총이,TOP,10630,11985630
Butter Bun,TOP,10630,11721512
Kutsuru,WWW,10626,11615884
EBI,WWW,10627,11421936
Reedy 🦉,TOP,10630,11353501
송송다,TOP,10629,11243234
皮皮寅虎,TOP,10630,11158080
ωuiuү,WWW,10627,11092551
Vũ84,WWW,10627,10767290
BoB 🎈,TOP,10629,10625226
리처드,TOP,10630,10569437
🐒Khỉ Mập,WWW,10626,10522275
망나 mang,TOP,10629,10465214
테슬라,TOP,10630,10434572
Peekaboo,TOP,10629,10220893
Oakzapata,TOP,10630,10202780
Evil Son,WWW,10627,10109103
Ruan Kimi,TOP,10630,10041746
윤윤 YY,TOP,10629,9949791
💜Kana💜,WWW,10627,9934176
Lêu Lêu 🐣,WWW,10627,9910936
1000냥,TOP,10630,9867321
Jayce,TOP,10629,9735102
🔲Rụt Rè,TOP,10630,9630889
Black,TOP,10629,9599832
✨Mashi 🧞,TOP,10629,9539930
Hot dog,TOP,10630,9397956
Luna,WWW,10626,9305240
Cap con,TOP,10629,9002165
VôMinh,TOP,10630,8923160
TRÀ 🍐,WWW,10626,8864908
🕊️Ares🌬️,TOP,10629,8838202
阿貓,WWW,10626,8829172
sinfulsuru,WWW,10626,8787364
더덕 Duck 🐥,TOP,10629,8629536
💜かすみ💜🍇,WWW,10626,8565696
KSHunter,TOP,10630,8487916
Ant,WWW,10626,8360856
Sg•ToKuDa,TOP,10629,8284093
Hải 🌽,WWW,10626,8214375
礦泉水,WWW,10626,8192631
AnhTuấn,WWW,10627,8050287
Spirit,WWW,10626,8040881
23 👆,TOP,10630,7912813
세이라 SEIRA,TOP,10629,7841520
•메리 Lành,TOP,10630,7791961
처리,TOP,10630,7710352
브란테,TOP,10630,7676588
Beer 🔲,WWW,10626,7673857
chacha,TOP,10629,7635751
Mây,WWW,10626,7627850
SAIMIING🍃,WWW,10626,7451998
RyanNguyen,WWW,10627,7376063
Hiếu💞VN,WWW,10627,7332432
FF🔥👊,TOP,10629,7270290
Regista,TOP,10629,7238231
Tiểu Min,WWW,10627,7231042
Rãnh🌷Ran,TOP,10629,7204476
Format,WWW,10627,7124316
MaryMòMèo,WWW,10626,7046480
lucete,TOP,10629,6923509
Jiaz,TOP,10630,6890192
Pork Belly,WWW,10627,6683043
Tomato 🔵,WWW,10626,6630991
Emmi,WWW,10626,6524367
希希,WWW,10627,6499302
哆啦A梦,TOP,10630,6270420
Kcat 💜,WWW,10627,6253994
ヘリオスATHX,WWW,10627,6235143
Ninh An,WWW,10626,6229511
Sotu,TOP,10629,6226996
사상,TOP,10629,6176781
YUKI,TOP,10630,6094442
khéo bánh,WWW,10627,6085135
Hạo 🍎,WWW,10626,6076971
😸MeoMeo😺,TOP,10629,59188824
zTeppiz,WWW,10627,5838404
T•A∿•KA,WWW,10626,5784795
👊mute 🔊,WWW,10627,5737827
Lukka,TOP,10629,5699834
Sophia 🌻,WWW,10627,5659752
데이 Day,TOP,10629,5602948
MH,WWW,10627,5495401
Bé XuânMai,WWW,10627,5462351
JG7x0w,TOP,10629,5439487
잔다_Jandark,TOP,10630,5364991
PDH888,WWW,10627,5336413
Tiếp bước,WWW,10626,5309495
shank one,TOP,10630,5282346
Tôm xù 🍤,WWW,10627,5175944
samssong,TOP,10629,5148094
meiko_G,TOP,10630,5075904
비연,TOP,10629,5069242
TYM3R,WWW,10627,4917536
Hà Kute❄️,WWW,10626,4895199
아하 🌸,TOP,10630,4893449
minmin2020,TOP,10629,4891165
xSky,WWW,10626,4765823
Văn Minh,WWW,10627,4593554
YANG,TOP,10630,4527651
BinzKa,WWW,10626,4483833
Wicked,WWW,10627,4384800
•Saint•,WWW,10626,4368689
Dáh Cherry,WWW,10626,4354865
Mamutto,WWW,10626,4342742
Ghibli,TOP,10629,4224543
두아름,TOP,10629,4126960
👀👀👀,TOP,10629,3953472
3 Bích ♠️,WWW,10626,3928179
Bì Bầu Bí,WWW,10626,3829374
Dior ✨,WWW,10626,3777863
phi 🫐,WWW,10626,3719105
Ryu,WWW,10627,3686470
Shen,WWW,10627,3645268
窮到濃,WWW,10626,3524756
Maybach,WWW,10627,3439449
Avocado 🥑,WWW,10626,3421206
Deeeju,WWW,10627,3329585
Wingz,TOP,10630,3276983
Gioggio99,WWW,10627,3183351
Lunari,TOP,10629,2994697
Hino玉✩,WWW,10627,2823892
xekojimmy,WWW,10626,2490135
Linh,TOP,10629,2447542
Heo mọi,WWW,10627,2409643
소,TOP,10630,2246979
Khỉ ăn 🔵,WWW,10626,2096742
VOIDᚷMaX,WWW,10626,2030906
Orthos,WWW,10627,1886539
☘️Jessy☘️,WWW,10627,1789121
XΛN ÐƎR,WWW,10626,1501401
kiwi 🥝,WWW,10626,11811145
lord farqu,TOP,10629,1164927
Lord SFTL,TOP,10629,246919
Mc Donald,WWW,10626,232176
Silver🐾🐾,TOP,10629,202858
저주,TOP,10630,141400
